skill_id,skill_name_en,skill_name_de,definition_en,definition_de,skill_category,esco_reference,keywords_de
SK-COG-001,Critical Thinking,Kritisches Denken,"The ability to analyze information, evaluate evidence, and make reasoned judgments.","Die Fähigkeit, Informationen zu analysieren, Belege zu bewerten und begründete Urteile zu fällen.",cognitive,"processing information, ideas and concepts","[""analysieren"", ""bewerten"", ""beurteilen"", ""prüfen"", ""Urteilsvermögen"", ""abwägen"", ""hinterfragen"", ""Schlussfolgerung""]"
SK-COG-002,Problem Solving,Problemlösung,"The ability to identify problems, evaluate options, and implement effective solutions.","Die Fähigkeit, Probleme zu erkennen, Optionen zu bewerten und wirksame Lösungen umzusetzen.",cognitive,solving problems / developing solutions / dealing with problems,"[""lösen"", ""Problem"", ""Lösung"", ""beheben"", ""Fehler"", ""Ursache"", ""Maßnahme"", ""Abhilfe"", ""beseitigen""]"
SK-COG-003,Planning & Organizing,Planen und Organisieren,"The ability to set priorities, structure tasks, and coordinate activities to meet objectives.","Die Fähigkeit, Prioritäten zu setzen, Aufgaben zu strukturieren und Aktivitäten zu koordinieren.",cognitive,planning and organising,"[""planen"", ""organisieren"", ""koordinieren"", ""Zeitplan"", ""Ablauf"", ""Priorität"", ""terminieren"", ""vorbereiten"", ""strukturieren""]"
SK-COG-004,Decision Making,Entscheidungsfindung,"The ability to assess situations, weigh alternatives, and commit to a course of action.","Die Fähigkeit, Situationen einzuschätzen, Alternativen abzuwägen und sich für ein Vorgehen zu entscheiden.",cognitive,making decisions,"[""entscheiden"", ""Entscheidung"", ""abwägen"", ""auswählen"", ""festlegen"", ""beschließen"", ""Tragweite"", ""Konsequenz""]"
SK-COG-005,Creative Thinking,Kreatives Denken,"The ability to generate novel ideas, approaches, or solutions beyond conventional patterns.","Die Fähigkeit, neuartige Ideen, Ansätze oder Lösungen jenseits konventioneller Muster zu entwickeln.",cognitive,thinking creatively and innovatively,"[""kreativ"", ""innovativ"", ""Idee"", ""neuartig"", ""gestalten"", ""entwerfen"", ""entwickeln"", ""konzipieren""]"
SK-COG-006,Data Analysis & Interpretation,Datenanalyse und -auswertung,"The ability to collect, examine, and interpret quantitative or qualitative data to draw conclusions.","Die Fähigkeit, quantitative oder qualitative Daten zu erheben, zu untersuchen und zu interpretieren.",cognitive,analysing and evaluating information and data,"[""Daten"", ""analysieren"", ""Auswertung"", ""Statistik"", ""Kennzahl"", ""Trend"", ""auswerten"", ""Ergebnis"", ""interpretieren""]"
SK-COG-007,Financial Analysis,Finanzanalyse,"The ability to analyze financial statements, economic data, and business metrics.","Die Fähigkeit, Finanzberichte, Wirtschaftsdaten und Geschäftskennzahlen zu analysieren.",cognitive,analysing financial and economic data,"[""Finanzen"", ""Bilanz"", ""Kennzahl"", ""Rentabilität"", ""Umsatz"", ""Kosten"", ""Budget"", ""wirtschaftlich"", ""Cashflow""]"
SK-COG-008,Research & Investigation,Recherche und Untersuchung,"The ability to systematically gather, evaluate, and synthesize information from multiple sources.","Die Fähigkeit, systematisch Informationen aus verschiedenen Quellen zu sammeln, zu bewerten und zusammenzuführen.",cognitive,conducting academic or market research,"[""recherchieren"", ""Forschung"", ""untersuchen"", ""Studie"", ""Quelle"", ""erheben"", ""Erkenntnis"", ""Fachliteratur"", ""Marktforschung""]"
SK-COG-009,Strategic Thinking,Strategisches Denken,"The ability to develop long-term plans, anticipate trends, and align actions with overarching goals.","Die Fähigkeit, langfristige Pläne zu entwickeln, Trends vorauszusehen und Handlungen an übergeordneten Zielen auszurichten.",cognitive,developing objectives and strategies,"[""Strategie"", ""langfristig"", ""Ziel"", ""Vision"", ""Ausrichtung"", ""Wettbewerb"", ""positionieren"", ""Markt""]"
SK-COG-010,Risk Assessment,Risikobewertung,"The ability to identify, evaluate, and prioritize risks and develop mitigation strategies.","Die Fähigkeit, Risiken zu erkennen, zu bewerten, zu priorisieren und Gegenmaßnahmen zu entwickeln.",cognitive,performing risk analysis and management,"[""Risiko"", ""bewerten"", ""Gefährdung"", ""Eintrittswahrscheinlichkeit"", ""Maßnahme"", ""minimieren"", ""Sicherheit"", ""Analyse""]"
SK-COG-011,Business Analysis,Geschäftsanalyse,"The ability to examine business processes, identify improvement opportunities, and recommend changes.","Die Fähigkeit, Geschäftsprozesse zu untersuchen, Verbesserungspotenziale zu identifizieren und Änderungen vorzuschlagen.",cognitive,analysing business operations,"[""Geschäftsprozess"", ""Optimierung"", ""Anforderung"", ""Workflow"", ""Effizienz"", ""Verbesserung"", ""Prozess"", ""Analyse""]"
SK-COG-012,Resource Management,Ressourcenmanagement,"The ability to allocate and control financial, material, and human resources effectively.","Die Fähigkeit, finanzielle, materielle und personelle Ressourcen effektiv zuzuweisen und zu steuern.",cognitive,allocating and controlling resources,"[""Ressource"", ""zuweisen"", ""Budget"", ""Kapazität"", ""Personal"", ""Material"", ""verwalten"", ""einsetzen"", ""planen""]"
SK-COG-013,Evaluating Processes & Systems,Prozesse und Systeme bewerten,"The ability to assess the performance, efficiency, and effectiveness of systems, programs, or processes.","Die Fähigkeit, die Leistung, Effizienz und Wirksamkeit von Systemen, Programmen oder Prozessen zu beurteilen.",cognitive,"evaluating systems, programmes, equipment and products","[""bewerten"", ""System"", ""Leistung"", ""Effizienz"", ""Wirksamkeit"", ""Audit"", ""Evaluation"", ""Vergleich""]"
SK-COG-014,Information Management,Informationsmanagement,"The ability to organize, store, retrieve, and maintain information for operational and strategic use.","Die Fähigkeit, Informationen für operative und strategische Zwecke zu organisieren, zu speichern, abzurufen und zu pflegen.",cognitive,managing information,"[""Information"", ""Daten"", ""Ablage"", ""Archiv"", ""Dokumentation"", ""pflegen"", ""aktualisieren"", ""Datenbank"", ""verwalten""]"
SK-COG-015,Continuous Learning,Kontinuierliches Lernen,The ability and willingness to acquire new knowledge and skills throughout ones career.,"Die Fähigkeit und Bereitschaft, sich während der gesamten beruflichen Laufbahn neues Wissen und neue Fähigkeiten anzueignen.",cognitive,demonstrating willingness to learn / monitoring developments in area of expertise,"[""lernen"", ""Weiterbildung"", ""Fortbildung"", ""aneignen"", ""Fachgebiet"", ""aktuell"", ""Entwicklung"", ""Wissen""]"
SK-COG-016,Working with Numbers,Arbeiten mit Zahlen,"The ability to work with numbers, perform calculations, and interpret quantitative information.","Die Fähigkeit, mit Zahlen zu arbeiten, Berechnungen durchzuführen und quantitative Informationen zu interpretieren.",cognitive,working with numbers and measures / performing calculations,"[""berechnen"", ""Zahl"", ""Kalkulation"", ""mathematisch"", ""Formel"", ""Rechnung"", ""Schätzung"", ""Menge"", ""Maßeinheit""]"
SK-COG-017,Budget & Financial Management,Budget- und Finanzmanagement,"The ability to plan, monitor, and control financial budgets and expenditures.","Die Fähigkeit, Finanzhaushalte und Ausgaben zu planen, zu überwachen und zu kontrollieren.",cognitive,managing budgets or finances,"[""Budget"", ""Haushalt"", ""Ausgabe"", ""Einnahme"", ""Finanzplan"", ""Kosten"", ""Etat"", ""überwachen"", ""Mittel""]"
SK-COG-018,Change Management,Veränderungsmanagement,"The ability to plan, implement, and guide organizational change processes effectively.","Die Fähigkeit, organisatorische Veränderungsprozesse effektiv zu planen, umzusetzen und zu begleiten.",cognitive,implementing new procedures or processes,"[""Veränderung"", ""Wandel"", ""Umsetzung"", ""Transformation"", ""anpassen"", ""Prozess"", ""Einführung"", ""Übergang"", ""begleiten""]"
SK-COG-019,Taking Initiative,Eigeninitiative zeigen,"The ability to anticipate needs, identify opportunities, and take action without being prompted.","Die Fähigkeit, Bedürfnisse vorauszusehen, Chancen zu erkennen und eigenständig zu handeln.",cognitive,taking a proactive approach / identifying opportunities,"[""Initiative"", ""proaktiv"", ""eigenständig"", ""vorausschauend"", ""Chance"", ""Eigenverantwortung"", ""selbstständig"", ""Impuls""]"
SK-COG-020,Flexibility & Resilience,Flexibilität und Belastbarkeit,"The ability to cope with setbacks, adapt to changing circumstances, and maintain effectiveness under pressure.","Die Fähigkeit, mit Rückschlägen umzugehen, sich an veränderte Umstände anzupassen und unter Druck leistungsfähig zu bleiben.",cognitive,working efficiently / maintaining a positive attitude,"[""anpassen"", ""Belastbarkeit"", ""flexibel"", ""Veränderung"", ""Druck"", ""bewältigen"", ""Resilienz"", ""Wandel"", ""Stress""]"
SK-COG-021,Accuracy & Thoroughness,Sorgfalt und Genauigkeit,"The ability to perform tasks thoroughly, accurately, and with careful attention to quality.","Die Fähigkeit, Aufgaben gründlich, korrekt und mit besonderer Aufmerksamkeit für Qualität auszuführen.",cognitive,working efficiently (detail sub-cluster),"[""sorgfältig"", ""genau"", ""Genauigkeit"", ""Detail"", ""gründlich"", ""Sorgfalt"", ""fehlerfrei"", ""Qualität"", ""gewissenhaft""]"
SK-COG-022,Time Management,Zeitmanagement,"The ability to allocate time effectively, meet deadlines, and manage competing priorities.","Die Fähigkeit, Zeit effektiv einzuteilen, Fristen einzuhalten und konkurrierende Prioritäten zu bewältigen.",cognitive,working efficiently (time sub-cluster),"[""Zeit"", ""Frist"", ""Deadline"", ""pünktlich"", ""einteilen"", ""Priorität"", ""termingerecht"", ""effizient"", ""Zeitdruck""]"
SK-DIG-001,Software Development,Softwareentwicklung,"The ability to design, write, test, and maintain software applications using programming languages.","Die Fähigkeit, Softwareanwendungen mithilfe von Programmiersprachen zu entwerfen, zu schreiben, zu testen und zu pflegen.",digital,programming computer systems,"[""programmieren"", ""Software"", ""Code"", ""entwickeln"", ""Anwendung"", ""Algorithmus"", ""Programmierung"", ""testen"", ""Debug""]"
SK-DIG-002,Data Management & Databases,Datenmanagement und Datenbanken,"The ability to organize, store, query, and maintain structured data in database systems.","Die Fähigkeit, strukturierte Daten in Datenbanksystemen zu organisieren, zu speichern, abzufragen und zu pflegen.",digital,"managing, gathering and storing digital data","[""Datenbank"", ""SQL"", ""Daten"", ""speichern"", ""abfragen"", ""Datensatz"", ""Tabelle"", ""Datenmodell"", ""pflegen""]"
SK-DIG-003,Data Visualization,Datenvisualisierung,"The ability to represent quantitative information in charts, graphs, and dashboards.","Die Fähigkeit, quantitative Informationen in Diagrammen, Grafiken und Dashboards darzustellen.",digital,accessing and analysing digital data,"[""Diagramm"", ""Dashboard"", ""Grafik"", ""visualisieren"", ""darstellen"", ""Auswertung"", ""Kennzahl"", ""Chart"", ""Bericht""]"
SK-DIG-004,IT Systems & Infrastructure,IT-Systeme und Infrastruktur,"The ability to set up, configure, and maintain computer systems, networks, and digital infrastructure.","Die Fähigkeit, Computersysteme, Netzwerke und digitale Infrastruktur einzurichten, zu konfigurieren und zu warten.",digital,setting up computer systems / resolving computer problems,"[""System"", ""Netzwerk"", ""Server"", ""konfigurieren"", ""einrichten"", ""Infrastruktur"", ""Hardware"", ""installieren"", ""Administration""]"
SK-DIG-005,Cybersecurity,Cybersicherheit,"The ability to protect digital systems, networks, and data from unauthorized access and threats.","Die Fähigkeit, digitale Systeme, Netzwerke und Daten vor unbefugtem Zugriff und Bedrohungen zu schützen.",digital,protecting ict devices,"[""Sicherheit"", ""Schutz"", ""Cyberangriff"", ""Verschlüsselung"", ""Firewall"", ""Zugriff"", ""Datenschutz"", ""Schwachstelle""]"
SK-DIG-006,Digital Collaboration Tools,Digitale Zusammenarbeit,"The ability to use digital platforms and tools for communication, file sharing, and teamwork.","Die Fähigkeit, digitale Plattformen und Tools für Kommunikation, Datenaustausch und Teamarbeit zu nutzen.",digital,using digital tools for collaboration and productivity,"[""Tool"", ""Plattform"", ""digital"", ""Zusammenarbeit"", ""Cloud"", ""Videokonferenz"", ""Software"", ""teilen"", ""online""]"
SK-DIG-007,CAD & Technical Design,CAD und technische Konstruktion,"The ability to create technical drawings, models, and designs using computer-aided design software.","Die Fähigkeit, technische Zeichnungen, Modelle und Entwürfe mithilfe von CAD-Software zu erstellen.",digital,using computer aided design and drawing tools,"[""CAD"", ""Zeichnung"", ""Konstruktion"", ""Modell"", ""technisch"", ""Entwurf"", ""3D"", ""Design"", ""Maßstab""]"
SK-DIG-008,Digital Content Creation,Digitale Inhaltserstellung,"The ability to create and edit digital media including text, images, audio, and video.","Die Fähigkeit, digitale Medien wie Texte, Bilder, Audio und Video zu erstellen und zu bearbeiten.",digital,using digital tools for processing sound and images / creating artistic designs or performances,"[""Content"", ""erstellen"", ""Medien"", ""Video"", ""Bild"", ""bearbeiten"", ""digital"", ""Design"", ""Grafik"", ""Multimedia""]"
SK-DIG-009,Office & Productivity Software,Büro- und Produktivitätssoftware,"The ability to use standard office applications for documents, spreadsheets, presentations, and email.","Die Fähigkeit, Standard-Büroanwendungen für Dokumente, Tabellen, Präsentationen und E-Mail zu nutzen.",digital,"using word processing, publishing and presentation software / working with computers","[""Office"", ""Excel"", ""Word"", ""Tabelle"", ""Dokument"", ""E-Mail"", ""Textverarbeitung"", ""Präsentation"", ""Software""]"
SK-DIG-010,Digital Machine Control,Digitale Maschinensteuerung,The ability to operate and program computer-controlled machinery and automation systems.,"Die Fähigkeit, computergesteuerte Maschinen und Automatisierungssysteme zu bedienen und zu programmieren.",digital,using digital tools to control machinery,"[""CNC"", ""Steuerung"", ""Maschine"", ""programmieren"", ""automatisieren"", ""SPS"", ""Roboter"", ""Fertigungstechnik""]"
SK-DIG-011,IT Architecture & Design,IT-Architektur und -Design,"The ability to design, architect, and plan information and communication technology systems.","Die Fähigkeit, Informations- und Kommunikationssysteme zu konzipieren, zu entwerfen und zu planen.",digital,designing ict systems or applications,"[""Architektur"", ""System"", ""IKT"", ""Anforderung"", ""Spezifikation"", ""Schnittstelle"", ""Plattform"", ""Konzept"", ""Entwurf""]"
SK-DIG-012,Prompt Engineering,Prompt-Design,The ability to formulate effective instructions for AI language models to produce useful outputs.,"Die Fähigkeit, effektive Anweisungen für KI-Sprachmodelle zu formulieren, um nützliche Ergebnisse zu erzielen.",digital,CUSTOM — not in ESCO,"[""Prompt"", ""KI"", ""Sprachmodell"", ""Anweisung"", ""LLM"", ""generativ"", ""Eingabe"", ""ChatGPT"", ""Formulierung""]"
SK-DIG-013,AI-Assisted Decision Making,KI-gestützte Entscheidungsfindung,The ability to use AI tools and outputs to support and improve human decision-making processes.,"Die Fähigkeit, KI-Tools und deren Ergebnisse zur Unterstützung und Verbesserung menschlicher Entscheidungsprozesse zu nutzen.",digital,CUSTOM — not in ESCO,"[""KI"", ""Entscheidung"", ""Algorithmus"", ""Empfehlung"", ""Automatisierung"", ""Modell"", ""unterstützen"", ""Vorhersage""]"
SK-DIG-014,Data Privacy & Digital Ethics,Datenschutz und digitale Ethik,The ability to handle personal data responsibly and apply ethical principles to digital processes.,"Die Fähigkeit, verantwortungsvoll mit personenbezogenen Daten umzugehen und ethische Grundsätze auf digitale Prozesse anzuwenden.",digital,CUSTOM — partially covered by protecting privacy and personal data,"[""Datenschutz"", ""DSGVO"", ""Ethik"", ""personenbezogen"", ""Einwilligung"", ""Verarbeitung"", ""Transparenz"", ""Recht""]"
SK-DIG-015,Automation & Digital Workflows,Automatisierung und digitale Abläufe,"The ability to design, implement, and manage automated workflows using digital tools and platforms.","Die Fähigkeit, automatisierte Arbeitsabläufe mithilfe digitaler Tools und Plattformen zu konzipieren, umzusetzen und zu verwalten.",digital,CUSTOM — not in ESCO,"[""Automatisierung"", ""Workflow"", ""RPA"", ""Prozess"", ""automatisieren"", ""Tool"", ""Effizienz"", ""Schnittstelle"", ""API""]"
SK-DIG-016,AV & Media Technology,AV- und Medientechnik,"The ability to operate and manage audio-visual, broadcasting, and communication equipment.","Die Fähigkeit, audiovisuelle Geräte, Übertragungstechnik und Kommunikationsausrüstungen zu bedienen und zu verwalten.",digital,operating audio-visual equipment / operating communications equipment,"[""Audio"", ""Video"", ""Kamera"", ""Mikrofon"", ""Medientechnik"", ""Aufnahme"", ""Schnitt"", ""Streaming"", ""Übertragung""]"
SK-DIG-017,Data Entry & Digital Processing,Dateneingabe und digitale Verarbeitung,"The ability to enter, transform, and process information accurately in digital systems.","Die Fähigkeit, Informationen präzise in digitale Systeme einzugeben, umzuwandeln und zu verarbeiten.",digital,entering and transforming information / processing information,"[""eingeben"", ""erfassen"", ""Daten"", ""verarbeiten"", ""System"", ""digital"", ""Formular"", ""übertragen"", ""aktualisieren""]"
SK-DIG-018,E-Commerce & Digital Marketing,E-Commerce und digitales Marketing,"The ability to use digital platforms for online sales, marketing campaigns, and customer engagement.","Die Fähigkeit, digitale Plattformen für Online-Verkauf, Marketingkampagnen und Kundenbindung zu nutzen.",digital,CUSTOM — not in ESCO,"[""E-Commerce"", ""Online"", ""digital"", ""Marketing"", ""Shop"", ""Kampagne"", ""Social Media"", ""Plattform"", ""Conversion""]"
SK-DOM-001,Legal Knowledge & Application,Rechtskenntnisse und -anwendung,"The ability to understand and apply legal frameworks, regulations, and contractual principles.","Die Fähigkeit, Rechtsrahmen, Vorschriften und vertragliche Grundsätze zu verstehen und anzuwenden.",domain,"advising on legal, regulatory or procedural matters / law","[""Recht"", ""Gesetz"", ""Vertrag"", ""Vorschrift"", ""Rechtsgrundlage"", ""Paragraph"", ""juristisch"", ""Klausel"", ""Regelung""]"
SK-DOM-002,Regulatory Compliance,Regulatorische Compliance,"The ability to interpret, implement, and monitor compliance with industry and government regulations.","Die Fähigkeit, die Einhaltung branchenspezifischer und behördlicher Vorschriften zu interpretieren, umzusetzen und zu überwachen.",domain,ensuring compliance with legislation / complying with operational procedures,"[""Compliance"", ""Vorschrift"", ""Einhaltung"", ""Regulierung"", ""Audit"", ""Prüfung"", ""Richtlinie"", ""Anforderung"", ""Norm""]"
SK-DOM-003,Medical Diagnosis & Assessment,Medizinische Diagnostik und Befundung,"The ability to examine patients, interpret symptoms, and determine medical conditions.","Die Fähigkeit, Patienten zu untersuchen, Symptome zu interpretieren und medizinische Befunde zu erheben.",domain,diagnosing health conditions / monitoring health conditions of humans and animals,"[""Diagnose"", ""Befund"", ""Symptom"", ""Untersuchung"", ""Patient"", ""klinisch"", ""Anamnese"", ""Befundung"", ""Krankheit""]"
SK-DOM-004,Clinical Care & Treatment,Klinische Versorgung und Behandlung,"The ability to provide medical, nursing, or therapeutic treatment to patients.","Die Fähigkeit, medizinische, pflegerische oder therapeutische Behandlungen für Patienten durchzuführen.",domain,"providing medical, dental and nursing care / providing health care or medical treatments","[""Behandlung"", ""Pflege"", ""Therapie"", ""Patient"", ""medizinisch"", ""Versorgung"", ""klinisch"", ""Wundversorgung"", ""Medikament""]"
SK-DOM-005,Financial Advisory,Finanzberatung,"The ability to provide expert guidance on investment, insurance, tax, and personal finance matters.","Die Fähigkeit, fachkundige Beratung zu Investitionen, Versicherungen, Steuern und persönlichen Finanzangelegenheiten zu bieten.",domain,providing financial advice,"[""Finanzberatung"", ""Investition"", ""Versicherung"", ""Steuer"", ""Vermögen"", ""Anlage"", ""Portfolio"", ""Altersvorsorge""]"
SK-DOM-006,Policy & Regulation Development,Richtlinien- und Regelungsentwicklung,"The ability to draft, evaluate, and implement organizational or government policies and procedures.","Die Fähigkeit, organisatorische oder staatliche Richtlinien und Verfahren zu entwerfen, zu bewerten und umzusetzen.",domain,developing policies and legislation / developing operational policies and procedures,"[""Politik"", ""Richtlinie"", ""Gesetzgebung"", ""Verfahren"", ""Entwurf"", ""Maßnahme"", ""Umsetzung"", ""Regelwerk"", ""Konzept""]"
SK-DOM-007,Emergency & Crisis Management,Notfall- und Krisenmanagement,"The ability to plan for, respond to, and manage emergency situations and crisis events.","Die Fähigkeit, Notfallsituationen und Krisenereignisse zu planen, darauf zu reagieren und sie zu bewältigen.",domain,developing contingency and emergency response plans,"[""Notfall"", ""Krise"", ""Katastrophe"", ""Einsatz"", ""Evakuierung"", ""Notfallplan"", ""Reaktion"", ""Krisenstab"", ""Sofortmaßnahme""]"
SK-DOM-008,Education Program Design,Bildungsprogramm-Gestaltung,"The ability to develop curricula, training programs, and educational materials.","Die Fähigkeit, Lehrpläne, Schulungsprogramme und Bildungsmaterialien zu entwickeln.",domain,developing educational programmes,"[""Lehrplan"", ""Curriculum"", ""Programm"", ""Bildung"", ""Schulung"", ""didaktisch"", ""Lernziel"", ""Unterricht"", ""Konzept""]"
SK-DOM-009,Security & Enforcement,Sicherheit und Durchsetzung,"The ability to maintain physical security, enforce rules, and protect people, property, or information.","Die Fähigkeit, die physische Sicherheit aufrechtzuerhalten, Regeln durchzusetzen und Menschen, Eigentum oder Informationen zu schützen.",domain,maintaining and enforcing physical security / verifying identities and documentation,"[""Sicherheit"", ""Schutz"", ""Kontrolle"", ""Zugang"", ""Überwachung"", ""Durchsetzung"", ""Identität"", ""Prüfung"", ""Wachdienst""]"
SK-DOM-010,Public Administration,Öffentliche Verwaltung,"The ability to apply knowledge of public administration procedures, civic rights, and government processes.","Die Fähigkeit, Kenntnisse öffentlicher Verwaltungsverfahren, Bürgerrechte und staatlicher Prozesse anzuwenden.",domain,applying civic skills and competences,"[""Verwaltung"", ""öffentlich"", ""Behörde"", ""Bürger"", ""Antrag"", ""Verfahren"", ""Amt"", ""Bescheid"", ""Kommune"", ""Dienst""]"
SK-DOM-011,Health Promotion & Prevention,Gesundheitsförderung und Prävention,"The ability to develop and implement health education, prevention, and wellness programs.","Die Fähigkeit, Gesundheitsaufklärung, Prävention und Wohlergehensprogramme zu entwickeln und umzusetzen.",domain,developing health programmes / applying health-related skills and competences,"[""Gesundheit"", ""Prävention"", ""Vorsorge"", ""Aufklärung"", ""Programm"", ""Wohlbefinden"", ""fördern"", ""Ernährung"", ""Bewegung""]"
SK-DOM-012,Real Estate & Property Valuation,Immobilien- und Grundstücksbewertung,"The ability to assess the value of real estate, land, and property for commercial or legal purposes.","Die Fähigkeit, den Wert von Immobilien, Grundstücken und Liegenschaften für kommerzielle oder rechtliche Zwecke zu ermitteln.",domain,assessing land or real estate,"[""Immobilie"", ""Bewertung"", ""Grundstück"", ""Wert"", ""Gutachten"", ""Markt"", ""Verkehrswert"", ""Liegenschaft"", ""Schätzung""]"
SK-DOM-013,Therapeutic Interventions,Therapeutische Interventionen,"The ability to plan and deliver psychological, occupational, or physical therapy treatments.","Die Fähigkeit, psychologische, ergotherapeutische oder physiotherapeutische Behandlungen zu planen und durchzuführen.",domain,providing psychological and occupational therapies / providing physical therapies,"[""Therapie"", ""Behandlung"", ""therapeutisch"", ""Intervention"", ""Patient"", ""psychologisch"", ""Physiotherapie"", ""Ergotherapie""]"
SK-DOM-014,Forensic & Criminal Investigation,Forensik und Kriminalermittlung,"The ability to collect evidence, conduct investigations, and apply forensic methods.","Die Fähigkeit, Beweise zu sichern, Ermittlungen durchzuführen und forensische Methoden anzuwenden.",domain,carrying out forensic and police investigations,"[""Ermittlung"", ""Forensik"", ""Beweis"", ""Tatort"", ""kriminalistisch"", ""Untersuchung"", ""Spur"", ""Polizei"", ""Verfahren""]"
SK-DOM-015,Agricultural & Environmental Sciences,Agrar- und Umweltwissenschaften,"The ability to apply knowledge of agriculture, horticulture, forestry, or environmental science.","Die Fähigkeit, Kenntnisse in Landwirtschaft, Gartenbau, Forstwirtschaft oder Umweltwissenschaften anzuwenden.",domain,cultivating land and crops / tending plants and crops,"[""Landwirtschaft"", ""Anbau"", ""Pflanze"", ""Ernte"", ""Boden"", ""Forst"", ""Gartenbau"", ""Umwelt"", ""ökologisch"", ""Düngung""]"
SK-DOM-016,Personal Care & Wellness,Körperpflege und Wohlbefinden,"The ability to provide personal grooming, beauty treatments, and wellness services.","Die Fähigkeit, Körperpflege, Schönheitsbehandlungen und Wellnessdienstleistungen zu erbringen.",domain,styling hair and providing beauty treatments / assisting with personal needs,"[""Pflege"", ""Kosmetik"", ""Friseur"", ""Wellness"", ""Behandlung"", ""Haut"", ""Haar"", ""Styling"", ""Schönheit""]"
SK-DOM-017,Veterinary Care,Veterinärmedizinische Versorgung,"The ability to examine, diagnose, and treat animals for health conditions and injuries.","Die Fähigkeit, Tiere auf Gesundheitszustände und Verletzungen zu untersuchen, zu diagnostizieren und zu behandeln.",domain,providing therapy or veterinary treatment for animals / tending and breeding animals,"[""Tier"", ""Veterinär"", ""Behandlung"", ""Tierarzt"", ""Diagnose"", ""Impfung"", ""Haltung"", ""Zucht"", ""Gesundheit""]"
SK-OPS-001,Quality Control & Inspection,Qualitätskontrolle und Inspektion,"The ability to inspect products, processes, or services against defined standards and identify defects.","Die Fähigkeit, Produkte, Prozesse oder Dienstleistungen anhand definierter Standards zu prüfen und Mängel zu erkennen.",operational,"monitoring quality of products / monitoring, inspecting and testing","[""Qualität"", ""Kontrolle"", ""prüfen"", ""Inspektion"", ""Mangel"", ""Standard"", ""Abweichung"", ""Norm"", ""Stichprobe""]"
SK-OPS-002,Operations Management,Betriebsmanagement,"The ability to plan, direct, and optimize day-to-day operational activities and workflows.","Die Fähigkeit, tägliche betriebliche Aktivitäten und Arbeitsabläufe zu planen, zu leiten und zu optimieren.",operational,directing operational activities / monitoring operational activities,"[""Betrieb"", ""Prozess"", ""Ablauf"", ""steuern"", ""optimieren"", ""Produktion"", ""Effizienz"", ""Kapazität"", ""Durchlauf""]"
SK-OPS-003,Supply Chain & Logistics,Lieferkette und Logistik,"The ability to manage the flow of goods, materials, and information from supplier to customer.","Die Fähigkeit, den Fluss von Waren, Materialien und Informationen vom Lieferanten zum Kunden zu steuern.",operational,managing transport and logistics activities / storing goods and materials,"[""Logistik"", ""Lieferkette"", ""Transport"", ""Lager"", ""Versand"", ""Bestand"", ""Lieferung"", ""Wareneingang"", ""Distribution""]"
SK-OPS-004,Procurement & Purchasing,Beschaffung und Einkauf,"The ability to source, evaluate, and acquire goods and services at optimal conditions.","Die Fähigkeit, Waren und Dienstleistungen zu optimalen Konditionen zu beschaffen, zu bewerten und einzukaufen.",operational,purchasing goods or services,"[""Einkauf"", ""Beschaffung"", ""Lieferant"", ""Angebot"", ""Bestellung"", ""Konditionen"", ""Vergabe"", ""Ausschreibung""]"
SK-OPS-005,Sales & Business Development,Vertrieb und Geschäftsentwicklung,"The ability to identify opportunities, build client relationships, and close sales.","Die Fähigkeit, Geschäftsmöglichkeiten zu identifizieren, Kundenbeziehungen aufzubauen und Verkaufsabschlüsse zu erzielen.",operational,selling products or services,"[""Vertrieb"", ""Verkauf"", ""Kunde"", ""Akquise"", ""Umsatz"", ""Angebot"", ""Abschluss"", ""Geschäft"", ""Markt""]"
SK-OPS-006,Marketing & Promotion,Marketing und Werbung,"The ability to develop and execute strategies to promote products, services, or brands.","Die Fähigkeit, Strategien zur Förderung von Produkten, Dienstleistungen oder Marken zu entwickeln und umzusetzen.",operational,"promoting products, services, or programs / developing financial, business or marketing plans","[""Marketing"", ""Werbung"", ""Kampagne"", ""Marke"", ""Zielgruppe"", ""Strategie"", ""Reichweite"", ""Kanal"", ""Promotion""]"
SK-OPS-007,Project Management,Projektmanagement,"The ability to plan, execute, monitor, and close projects within scope, time, and budget constraints.","Die Fähigkeit, Projekte innerhalb von Umfang, Zeit und Budget zu planen, durchzuführen, zu überwachen und abzuschließen.",operational,"directing, supervising and coordinating projects","[""Projekt"", ""Planung"", ""Meilenstein"", ""Budget"", ""Zeitplan"", ""Koordination"", ""Stakeholder"", ""Steuerung"", ""Abschluss""]"
SK-OPS-008,Administrative Support,Verwaltung und Büroorganisation,"The ability to perform general clerical, secretarial, and organizational tasks in an office environment.","Die Fähigkeit, allgemeine Büro-, Sekretariats- und Organisationsaufgaben in einer Büroumgebung auszuführen.",operational,performing general clerical and administrative tasks,"[""Verwaltung"", ""Büro"", ""Organisation"", ""Ablage"", ""Termin"", ""Korrespondenz"", ""Sekretariat"", ""bearbeiten"", ""Vorgang""]"
SK-OPS-009,Financial Transactions & Accounting,Finanzgeschäfte und Buchhaltung,"The ability to process financial transactions, maintain accounting records, and prepare financial documents.","Die Fähigkeit, Finanzgeschäfte abzuwickeln, Buchführungsunterlagen zu pflegen und Finanzdokumente zu erstellen.",operational,"executing financial transactions / preparing financial documents, records, reports","[""Buchführung"", ""Buchung"", ""Rechnung"", ""Zahlung"", ""Konto"", ""Bilanz"", ""Finanzen"", ""Beleg"", ""Abrechnung"", ""Steuer""]"
SK-OPS-010,Record Keeping & Documentation,Aktenführung und Dokumentation,"The ability to create, organize, and maintain accurate operational records and documentation.","Die Fähigkeit, betriebliche Aufzeichnungen und Dokumentationen korrekt zu erstellen, zu ordnen und zu pflegen.",operational,maintaining operational records / documenting and recording information,"[""Aufzeichnung"", ""Dokumentation"", ""Akte"", ""pflegen"", ""erfassen"", ""Vorgang"", ""Protokoll"", ""Ablage"", ""archivieren""]"
SK-OPS-011,Environmental Management,Umweltmanagement,"The ability to apply environmental protection standards, manage waste, and minimize ecological impact.","Die Fähigkeit, Umweltschutzstandards anzuwenden, Abfälle zu bewirtschaften und ökologische Auswirkungen zu minimieren.",operational,applying environmental skills and competences / complying with environmental protection laws,"[""Umwelt"", ""Nachhaltigkeit"", ""Abfall"", ""Recycling"", ""Emission"", ""Umweltschutz"", ""ökologisch"", ""Entsorgung"", ""Norm""]"
SK-OPS-012,Event & Program Management,Veranstaltungs- und Programmmanagement,"The ability to plan, organize, and execute events, programs, and public activities.","Die Fähigkeit, Veranstaltungen, Programme und öffentliche Aktivitäten zu planen, zu organisieren und durchzuführen.",operational,planning events and programmes,"[""Veranstaltung"", ""Event"", ""Programm"", ""organisieren"", ""planen"", ""durchführen"", ""Teilnehmer"", ""Ablauf"", ""Koordination""]"
SK-OPS-013,Facility & Equipment Management,Gebäude- und Anlagenmanagement,"The ability to manage physical facilities, equipment, and infrastructure to ensure operational readiness.","Die Fähigkeit, Gebäude, Geräte und Infrastruktur zu verwalten, um die Betriebsbereitschaft sicherzustellen.",operational,allocating and controlling physical resources,"[""Gebäude"", ""Anlage"", ""Wartung"", ""Instandhaltung"", ""Ausstattung"", ""Infrastruktur"", ""Betriebsmittel"", ""verwalten""]"
SK-OPS-014,Machine Operation,Maschinenbedienung,"The ability to set up, operate, and monitor industrial machinery and production equipment.","Die Fähigkeit, Industriemaschinen und Produktionsanlagen einzurichten, zu bedienen und zu überwachen.",operational,operating machinery for the manufacture of products / working with machinery and specialised equipment,"[""Maschine"", ""bedienen"", ""Anlage"", ""Produktion"", ""einstellen"", ""überwachen"", ""Betrieb"", ""Fertigung"", ""Störung""]"
SK-OPS-015,Physical Handling & Logistics Operations,Materialtransport und Lagerlogistik,"The ability to load, move, store, and manage physical materials and goods safely.","Die Fähigkeit, physische Materialien und Waren sicher zu verladen, zu transportieren, zu lagern und zu verwalten.",operational,moving or lifting materials / loading and unloading goods / storing goods and materials,"[""laden"", ""transportieren"", ""lagern"", ""heben"", ""Ware"", ""Material"", ""Gabelstapler"", ""Lager"", ""Kommissionierung""]"
SK-OPS-016,Production Planning,Produktionsplanung,"The ability to plan and schedule manufacturing processes, production runs, and resource allocation.","Die Fähigkeit, Fertigungsprozesse, Produktionsläufe und die Ressourcenzuteilung zu planen und zu terminieren.",operational,planning production processes,"[""Produktion"", ""Planung"", ""Fertigung"", ""Kapazität"", ""Terminierung"", ""Auslastung"", ""Reihenfolge"", ""Schicht"", ""Ablauf""]"
SK-OPS-017,Cleaning & Maintenance,Reinigung und Instandhaltung,"The ability to clean, maintain, and preserve workspaces, equipment, and facilities.","Die Fähigkeit, Arbeitsräume, Geräte und Einrichtungen zu reinigen, zu warten und zu erhalten.",operational,"cleaning tools, equipment, workpieces and vehicles / cleaning interior and exterior of buildings","[""reinigen"", ""Reinigung"", ""sauber"", ""Wartung"", ""pflegen"", ""Desinfektion"", ""Hygiene"", ""Instandhaltung"", ""Gebäude""]"
SK-OPS-018,Sorting & Packaging,Sortieren und Verpacken,"The ability to sort, classify, label, and package materials, products, or goods for storage or shipment.","Die Fähigkeit, Materialien, Produkte oder Waren für die Lagerung oder den Versand zu sortieren, zu klassifizieren, zu kennzeichnen und zu verpacken.",operational,sorting materials or products / packaging objects / marking materials or objects for identification,"[""sortieren"", ""verpacken"", ""kennzeichnen"", ""Etikett"", ""Verpackung"", ""Sendung"", ""Ware"", ""klassifizieren"", ""Lager""]"
SK-OPS-019,Waste & Hazardous Materials,Abfall- und Gefahrstoffmanagement,"The ability to handle, store, and dispose of waste and hazardous materials according to regulations.","Die Fähigkeit, Abfälle und Gefahrstoffe vorschriftsgemäß zu handhaben, zu lagern und zu entsorgen.",operational,handling and disposing of hazardous materials / disposing of non-hazardous waste,"[""Abfall"", ""Entsorgung"", ""Gefahrstoff"", ""Sondermüll"", ""Recycling"", ""Vorschrift"", ""lagern"", ""trennen"", ""gefährlich""]"
SK-OPS-020,Monitoring & Surveillance,Überwachung und Kontrolle,"The ability to observe, monitor, and report on safety, security, or environmental conditions.","Die Fähigkeit, Sicherheits-, Schutz- oder Umweltbedingungen zu beobachten, zu überwachen und darüber zu berichten.",operational,monitoring safety or security / monitoring environmental conditions,"[""überwachen"", ""Kontrolle"", ""Sicherheit"", ""beobachten"", ""melden"", ""Zustand"", ""Abweichung"", ""Alarm"", ""Inspektion""]"
SK-OPS-021,Inventory & Stock Management,Bestands- und Lagerverwaltung,"The ability to track, manage, and optimize inventory levels and stock movements.","Die Fähigkeit, Bestände und Lagerbewegungen zu verfolgen, zu verwalten und zu optimieren.",operational,storing goods and materials (inventory sub-cluster),"[""Bestand"", ""Lager"", ""Inventur"", ""Vorrat"", ""Nachschub"", ""Lagerbestand"", ""Wareneingang"", ""Kommissionierung"", ""Bestellung""]"
SK-OPS-022,Customer Complaint Handling,Beschwerdemanagement,"The ability to receive, investigate, and resolve customer complaints professionally.","Die Fähigkeit, Kundenbeschwerden professionell entgegenzunehmen, zu untersuchen und zu lösen.",operational,responding to complaints,"[""Beschwerde"", ""Reklamation"", ""Kunde"", ""lösen"", ""bearbeiten"", ""Zufriedenheit"", ""Anliegen"", ""Rückmeldung"", ""klären""]"
SK-OPS-023,Pricing & Cost Estimation,Preiskalkulation und Kostenschätzung,"The ability to determine the value or price of goods, services, or assets using appropriate methods.","Die Fähigkeit, den Wert oder Preis von Waren, Dienstleistungen oder Vermögenswerten mit geeigneten Methoden zu bestimmen.",operational,determining values of goods or services,"[""Bewertung"", ""Preis"", ""Wert"", ""Kalkulation"", ""Kosten"", ""Schätzung"", ""Tarif"", ""Angebot"", ""Preisgestaltung""]"
SK-SOC-001,Speaking & Presenting,Sprechen und Präsentieren,The ability to convey information clearly and effectively through spoken language.,"Die Fähigkeit, Informationen klar und effektiv durch gesprochene Sprache zu vermitteln.",social,communicating,"[""kommunizieren"", ""sprechen"", ""erklären"", ""vortragen"", ""mündlich"", ""Gespräch"", ""mitteilen"", ""Präsentation"", ""erläutern""]"
SK-SOC-002,Writing & Reporting,Schreiben und Berichten,The ability to express ideas clearly and accurately in written form for various audiences.,"Die Fähigkeit, Ideen klar und präzise in schriftlicher Form für verschiedene Zielgruppen auszudrücken.",social,technical or academic writing / writing and composing,"[""schreiben"", ""verfassen"", ""Bericht"", ""Dokument"", ""Protokoll"", ""formulieren"", ""Korrespondenz"", ""Schriftstück"", ""Text""]"
SK-SOC-003,Negotiation,Verhandlungsführung,The ability to discuss terms with counterparties and reach mutually acceptable agreements.,"Die Fähigkeit, Bedingungen mit Verhandlungspartnern zu erörtern und beiderseitig akzeptable Vereinbarungen zu erzielen.",social,negotiating and managing contracts and agreements,"[""verhandeln"", ""Verhandlung"", ""vereinbaren"", ""Einigung"", ""Konditionen"", ""Kompromiss"", ""Vertrag"", ""abstimmen""]"
SK-SOC-004,Conflict Resolution,Konfliktlösung,The ability to mediate disagreements and find constructive solutions to interpersonal or organizational disputes.,"Die Fähigkeit, Meinungsverschiedenheiten zu vermitteln und konstruktive Lösungen für zwischenmenschliche oder organisatorische Konflikte zu finden.",social,mediating and resolving disputes,"[""Konflikt"", ""vermitteln"", ""Streit"", ""schlichten"", ""Mediation"", ""Lösung"", ""deeskalieren"", ""Auseinandersetzung""]"
SK-SOC-005,Team Leadership,Teamführung,"The ability to guide, motivate, and manage a team toward achieving shared objectives.","Die Fähigkeit, ein Team bei der Erreichung gemeinsamer Ziele zu leiten, zu motivieren und zu steuern.",social,leading others / leading and motivating,"[""führen"", ""leiten"", ""Team"", ""motivieren"", ""delegieren"", ""Verantwortung"", ""Ziel"", ""anleiten"", ""Führungskraft""]"
SK-SOC-006,Teamwork & Collaboration,Teamarbeit und Zusammenarbeit,"The ability to work effectively with others, contribute to group goals, and support colleagues.","Die Fähigkeit, effektiv mit anderen zusammenzuarbeiten, zu Gruppenzielen beizutragen und Kolleg*innen zu unterstützen.",social,collaborating in teams and networks / working in teams,"[""Teamarbeit"", ""zusammenarbeiten"", ""Gruppe"", ""gemeinsam"", ""kooperieren"", ""Kolleg"", ""abstimmen"", ""beitragen""]"
SK-SOC-007,Coaching & Mentoring,Coaching und Mentoring,"The ability to guide individuals in developing their skills, knowledge, and career potential.","Die Fähigkeit, Einzelpersonen bei der Entwicklung ihrer Fähigkeiten, ihres Wissens und ihres Karrierepotenzials zu begleiten.",social,coaching and mentoring,"[""coachen"", ""Mentoring"", ""begleiten"", ""fördern"", ""entwickeln"", ""Potenzial"", ""Feedback"", ""Karriere"", ""anleiten""]"
SK-SOC-008,Teaching & Training,Lehren und Ausbilden,The ability to convey knowledge and skills to others through structured instruction and demonstration.,"Die Fähigkeit, Wissen und Fähigkeiten durch strukturierte Unterweisung und Vorführung an andere zu vermitteln.",social,teaching academic or vocational subjects / training on operational procedures,"[""schulen"", ""ausbilden"", ""unterrichten"", ""Schulung"", ""Unterweisung"", ""vermitteln"", ""Fortbildung"", ""lehren"", ""Seminar""]"
SK-SOC-009,Customer Service,Kundenbetreuung,"The ability to understand and fulfill customer needs, handle inquiries, and ensure satisfaction.","Die Fähigkeit, Kundenbedürfnisse zu verstehen und zu erfüllen, Anfragen zu bearbeiten und Zufriedenheit sicherzustellen.",social,providing information and support to the public and clients,"[""Kunde"", ""beraten"", ""Anfrage"", ""Service"", ""Zufriedenheit"", ""Beschwerde"", ""betreuen"", ""Dienstleistung"", ""Beratung""]"
SK-SOC-010,Counseling & Guidance,Beratung und Begleitung,"The ability to provide empathic support and professional guidance on personal, social, or career matters.","Die Fähigkeit, einfühlsame Unterstützung und professionelle Orientierung in persönlichen, sozialen oder beruflichen Belangen zu bieten.",social,"counselling / counselling on personal, family or social issues","[""beraten"", ""Beratung"", ""Begleitung"", ""empathisch"", ""unterstützen"", ""Orientierung"", ""Hilfe"", ""zuhören"", ""einfühlsam""]"
SK-SOC-011,Stakeholder Management,Stakeholder-Management,"The ability to identify, engage, and manage relationships with internal and external stakeholders.","Die Fähigkeit, Beziehungen zu internen und externen Stakeholdern aufzubauen, zu pflegen und zu steuern.",social,collaborating and liaising / developing professional relationships or networks,"[""Stakeholder"", ""Beziehung"", ""Netzwerk"", ""pflegen"", ""Kontakt"", ""Zusammenarbeit"", ""Partner"", ""extern"", ""intern""]"
SK-SOC-012,Presentation Skills,Präsentationsfähigkeit,"The ability to present information, ideas, or proposals clearly and persuasively to an audience.","Die Fähigkeit, Informationen, Ideen oder Vorschläge klar und überzeugend vor einem Publikum zu präsentieren.",social,presenting research or technical information / presenting general information,"[""präsentieren"", ""Vortrag"", ""Präsentation"", ""Publikum"", ""darstellen"", ""visualisieren"", ""Folie"", ""überzeugend""]"
SK-SOC-013,Supervision & Performance Management,Aufsicht und Leistungsmanagement,"The ability to oversee work, evaluate performance, and provide constructive feedback to staff.","Die Fähigkeit, Arbeit zu beaufsichtigen, Leistung zu bewerten und Mitarbeitenden konstruktives Feedback zu geben.",social,supervising a team or group / monitoring and evaluating the performance of individuals,"[""beaufsichtigen"", ""Leistung"", ""bewerten"", ""Feedback"", ""Mitarbeiter"", ""überwachen"", ""Beurteilung"", ""Zielvereinbarung""]"
SK-SOC-014,Active Listening,Aktives Zuhören,"The ability to fully concentrate on what is being said, understand the message, and respond thoughtfully.","Die Fähigkeit, sich voll auf das Gesagte zu konzentrieren, die Botschaft zu verstehen und durchdacht zu antworten.",social,listening and asking questions / engaging with others to identify needs,"[""zuhören"", ""Bedürfnis"", ""verstehen"", ""nachfragen"", ""Empathie"", ""aufmerksam"", ""Anliegen"", ""Gesprächspartner""]"
SK-SOC-015,Intercultural Competence,Interkulturelle Kompetenz,The ability to interact effectively with people from diverse cultural backgrounds.,"Die Fähigkeit, effektiv mit Menschen unterschiedlicher kultureller Herkunft zu interagieren.",social,applying cultural skills and competences,"[""interkulturell"", ""Kultur"", ""Diversität"", ""Verständnis"", ""Vielfalt"", ""Hintergrund"", ""Respekt"", ""Toleranz""]"
SK-SOC-016,Persuasion & Influence,Überzeugen und Einfluss nehmen,"The ability to argue for a position, influence decisions, and represent interests effectively.","Die Fähigkeit, für eine Position zu argumentieren, Entscheidungen zu beeinflussen und Interessen wirksam zu vertreten.",social,"advocating for individual or community needs / promoting products, services, or programs","[""überzeugen"", ""argumentieren"", ""Interessen"", ""vertreten"", ""beeinflussen"", ""Argumentation"", ""Position"", ""werben""]"
SK-SOC-017,Recruitment & Talent Management,Personalgewinnung und Talentmanagement,"The ability to attract, select, and develop qualified personnel for organizational needs.","Die Fähigkeit, qualifiziertes Personal für organisatorische Bedürfnisse zu gewinnen, auszuwählen und zu entwickeln.",social,recruiting and hiring / managing and administering human resources,"[""Personal"", ""Recruiting"", ""Einstellung"", ""Bewerbung"", ""Talent"", ""Auswahl"", ""Stellenausschreibung"", ""Kandidat""]"
SK-SOC-018,Ethics & Professional Conduct,Ethik und professionelles Verhalten,"The ability to act with integrity, follow ethical codes, and maintain professional standards.","Die Fähigkeit, integer zu handeln, ethische Kodizes zu befolgen und professionelle Standards einzuhalten.",social,following ethical code of conduct,"[""Ethik"", ""Integrität"", ""Verhalten"", ""Kodex"", ""professionell"", ""Verantwortung"", ""Standard"", ""Vertrauen""]"
SK-SOC-019,Training Material Development,Schulungsmaterial entwickeln,"The ability to develop training materials, instructional content, and promotional resources.","Die Fähigkeit, Schulungsmaterialien, Lehrinhalte und Informationsressourcen zu entwickeln.",social,developing instructive or promotional materials,"[""Material"", ""Schulung"", ""entwickeln"", ""Lernmaterial"", ""Inhalt"", ""Unterlage"", ""didaktisch"", ""Methode"", ""erstellen""]"
SK-SOC-020,Contract Management,Vertragsmanagement,"The ability to draft, review, and manage contracts, agreements, and formal documentation.","Die Fähigkeit, Verträge, Vereinbarungen und formale Dokumente zu entwerfen, zu prüfen und zu verwalten.",social,"preparing documentation for contracts, applications, or permits","[""Vertrag"", ""Vereinbarung"", ""Dokument"", ""erstellen"", ""prüfen"", ""Klausel"", ""Antrag"", ""Genehmigung"", ""Formular""]"
SK-SOC-021,Coordinating Across Teams,Teamübergreifend koordinieren,"The ability to coordinate work across departments, functions, or organizational units.","Die Fähigkeit, Arbeit über Abteilungen, Funktionen oder Organisationseinheiten hinweg zu koordinieren.",social,collaborating and liaising,"[""Abteilung"", ""koordinieren"", ""übergreifend"", ""Schnittstelle"", ""abstimmen"", ""Bereich"", ""funktionsübergreifend"", ""Zusammenarbeit""]"
SK-SOC-022,Empathy & Care,Einfühlungsvermögen und Fürsorge,The ability to recognize and respond to the emotional needs of others with sensitivity and care.,"Die Fähigkeit, die emotionalen Bedürfnisse anderer zu erkennen und mit Einfühlungsvermögen und Fürsorge darauf einzugehen.",social,supporting others,"[""Empathie"", ""einfühlsam"", ""unterstützen"", ""Fürsorge"", ""Verständnis"", ""emotional"", ""Mitgefühl"", ""Bedürfnis"", ""helfen""]"
SK-TEC-001,Engineering Design,Ingenieurmäßige Konstruktion,"The ability to design structures, systems, or products using engineering principles and specifications.","Die Fähigkeit, Bauwerke, Systeme oder Produkte nach ingenieurwissenschaftlichen Prinzipien und Spezifikationen zu konstruieren.",technical,designing structures or facilities / designing systems and products,"[""Konstruktion"", ""Entwurf"", ""Spezifikation"", ""Berechnung"", ""Ingenieur"", ""technisch"", ""Planung"", ""Norm"", ""Bauwerk""]"
SK-TEC-002,Electrical & Electronic Systems,Elektrische und elektronische Systeme,"The ability to install, maintain, and repair electrical and electronic systems and equipment.","Die Fähigkeit, elektrische und elektronische Systeme und Geräte zu installieren, zu warten und zu reparieren.",technical,"installing and repairing electrical, electronic and precision equipment","[""elektrisch"", ""elektronisch"", ""Schaltung"", ""installieren"", ""reparieren"", ""Strom"", ""Anlage"", ""Gerät"", ""Steuerung""]"
SK-TEC-003,Mechanical Systems,Mechanische Systeme,"The ability to install, maintain, and repair mechanical machinery, equipment, and components.","Die Fähigkeit, mechanische Maschinen, Geräte und Komponenten zu installieren, zu warten und zu reparieren.",technical,maintaining mechanical machinery / repairing and installing mechanical equipment,"[""Maschine"", ""mechanisch"", ""Wartung"", ""Reparatur"", ""Instandhaltung"", ""Anlage"", ""Bauteil"", ""Werkzeug"", ""montieren""]"
SK-TEC-004,Lab & Research Methods,Labor- und Forschungsmethoden,"The ability to conduct experiments, analyze specimens, and apply scientific methods in laboratory settings.","Die Fähigkeit, Experimente durchzuführen, Proben zu analysieren und wissenschaftliche Methoden im Laborumfeld anzuwenden.",technical,operating scientific and laboratory equipment / testing and analysing substances,"[""Labor"", ""Probe"", ""Analyse"", ""Experiment"", ""Methode"", ""wissenschaftlich"", ""Messung"", ""Reagenz"", ""Ergebnis""]"
SK-TEC-005,Technical Documentation,Technische Dokumentation,"The ability to create, read, and interpret technical specifications, manuals, and diagrams.","Die Fähigkeit, technische Spezifikationen, Handbücher und Diagramme zu erstellen, zu lesen und zu interpretieren.",technical,"interpreting technical documentation and diagrams / documenting technical designs, procedures","[""Dokumentation"", ""technisch"", ""Spezifikation"", ""Handbuch"", ""Zeichnung"", ""Anleitung"", ""Diagramm"", ""erstellen""]"
SK-TEC-006,Materials & Manufacturing Processes,Werkstoffe und Fertigungsverfahren,The ability to select materials and apply manufacturing techniques to produce components and products.,"Die Fähigkeit, Werkstoffe auszuwählen und Fertigungstechniken anzuwenden, um Bauteile und Produkte herzustellen.",technical,assembling and fabricating products / transforming and blending materials,"[""Werkstoff"", ""Fertigung"", ""Herstellung"", ""Material"", ""Produktion"", ""Verfahren"", ""bearbeiten"", ""herstellen""]"
SK-TEC-007,Measurement & Testing,Messen und Prüfen,"The ability to use measuring instruments and testing procedures to verify dimensions, properties, and quality.","Die Fähigkeit, Messinstrumente und Prüfverfahren einzusetzen, um Maße, Eigenschaften und Qualität zu überprüfen.",technical,measuring physical properties / measuring dimensions and related properties,"[""messen"", ""prüfen"", ""Messung"", ""Toleranz"", ""Prüfung"", ""Messgerät"", ""Kalibrierung"", ""Abweichung"", ""Genauigkeit""]"
SK-TEC-008,Occupational Safety & Health,Arbeitsschutz und Gesundheit,"The ability to identify hazards, apply safety procedures, and maintain a safe working environment.","Die Fähigkeit, Gefährdungen zu erkennen, Sicherheitsverfahren anzuwenden und ein sicheres Arbeitsumfeld zu gewährleisten.",technical,complying with health and safety procedures,"[""Arbeitsschutz"", ""Sicherheit"", ""Gefährdung"", ""Schutzausrüstung"", ""Vorschrift"", ""Unfall"", ""Prävention"", ""Gesundheit""]"
SK-TEC-009,Translation & Interpreting,Übersetzen und Dolmetschen,The ability to convert written or spoken content accurately between languages.,"Die Fähigkeit, schriftliche oder gesprochene Inhalte korrekt zwischen Sprachen zu übertragen.",technical,translating and interpreting,"[""übersetzen"", ""dolmetschen"", ""Sprache"", ""Übersetzung"", ""Fremdsprache"", ""Fachsprache"", ""Terminologie"", ""zweisprachig""]"
SK-TEC-010,Construction & Building,Bau und Gebäudetechnik,"The ability to perform construction tasks including structural assembly, installation, and building repair.","Die Fähigkeit, Bauaufgaben einschließlich Montage, Installation und Gebäudereparatur durchzuführen.",technical,building and repairing structures / installing wooden and metal components,"[""Bau"", ""montieren"", ""installieren"", ""Gebäude"", ""Struktur"", ""errichten"", ""Sanierung"", ""Konstruktion"", ""Baustelle""]"
SK-TEC-011,Plumbing & HVAC Systems,Sanitär- und Klimatechnik,"The ability to install, maintain, and repair plumbing, heating, ventilation, and air conditioning systems.","Die Fähigkeit, Sanitär-, Heizungs-, Lüftungs- und Klimaanlagen zu installieren, zu warten und zu reparieren.",technical,"installing plumbing or piping equipment / installing heating, ventilation and air conditioning","[""Sanitär"", ""Heizung"", ""Lüftung"", ""Klima"", ""Rohr"", ""installieren"", ""Anlage"", ""Wasser"", ""Klimatechnik""]"
SK-TEC-012,Welding & Joining,Schweißen und Fügen,"The ability to join materials using welding, soldering, brazing, or other bonding techniques.","Die Fähigkeit, Materialien durch Schweißen, Löten, Hartlöten oder andere Verbindungstechniken zu fügen.",technical,"joining parts using soldering, welding or brazing techniques","[""Schweißen"", ""Löten"", ""verbinden"", ""Naht"", ""Werkstück"", ""Metall"", ""fügen"", ""Verbindung"", ""Hartlöten""]"
SK-TEC-013,Food Preparation,Lebensmittelzubereitung,"The ability to prepare, cook, and present food and beverages according to standards and recipes.","Die Fähigkeit, Speisen und Getränke nach Standards und Rezepten zuzubereiten, zu kochen und zu präsentieren.",technical,preparing food and drinks / fabricating food and related products,"[""kochen"", ""zubereiten"", ""Speise"", ""Getränk"", ""Rezept"", ""Küche"", ""Lebensmittel"", ""Hygiene"", ""Gericht""]"
SK-TEC-014,Vehicle Operation,Fahrzeugführung,"The ability to operate motor vehicles, heavy equipment, or specialized transport safely.","Die Fähigkeit, Kraftfahrzeuge, Schwerlastgeräte oder Spezialtransportmittel sicher zu führen.",technical,driving vehicles / driving heavy vehicles,"[""fahren"", ""Fahrzeug"", ""Führerschein"", ""Fahrerlaubnis"", ""LKW"", ""Transport"", ""Verkehr"", ""steuern"", ""Ladung""]"
SK-TEC-015,Artistic & Creative Production,Künstlerische und kreative Produktion,"The ability to create artistic works, visual designs, performances, or cultural content.","Die Fähigkeit, künstlerische Werke, visuelle Gestaltungen, Darbietungen oder kulturelle Inhalte zu schaffen.",technical,creating artistic designs or performances / performing artistic or cultural activities,"[""künstlerisch"", ""kreativ"", ""Gestaltung"", ""Design"", ""Darbietung"", ""Aufführung"", ""Kunst"", ""visuell"", ""Ästhetik""]"
SK-TEC-016,Medical Equipment Operation,Bedienung medizinischer Geräte,"The ability to operate specialized medical, dental, and therapeutic equipment safely and effectively.","Die Fähigkeit, spezialisierte medizinische, zahnmedizinische und therapeutische Geräte sicher und effektiv zu bedienen.",technical,operating medical equipment,"[""Gerät"", ""medizinisch"", ""bedienen"", ""Ausrüstung"", ""Diagnose"", ""Therapie"", ""Instrument"", ""Patient"", ""Technik""]"
